Amount,V1,V2,V3,V4,V5,V6,V7,V8,V9,V10,V11,V12,V13,V14,V15,V16,V17,V18,V19,V20,V21,V22,V23,V24,V25,V26,V27,V28,Lower,Estimate,Upper
0,-2.0753487601068083e-5,-3.951106144485327e-6,5.1674883997359285e-6,-6.951540858391191e-6,4.249990739313808e-7,1.115030998313e-5,3.275825024372991e-7,5.297411302947487e-6,-6.623442055247293e-6,9.354589584268809e-6,-1.851342918510012e-5,1.134812494207044e-5,-1.3088679058866211e-5,4.822086303420222e-6,9.764050227234727e-7,-1.1004169283353765e-5,-1.4226081543947578e-5,-2.3908465702109025e-6,-1.3307146219960195e-6,5.407027645479352e-7,1.0404661697642247e-6,1.0126930841103232e-5,8.508853160593012e-7,3.5802350248846514e-6,-7.815340176556277e-6,-6.39273941892526e-8,2.1115250882054064e-7,-6.009886786719344e-7,1.0299794469497786e-4,1.4542191520573034e-4,1.8457965079142594e-4
259.50666666666666,-2.0753487601068083e-5,-3.951106144485327e-6,5.1674883997359285e-6,-6.951540858391191e-6,4.249990739313808e-7,1.115030998313e-5,3.275825024372991e-7,5.297411302947487e-6,-6.623442055247293e-6,9.354589584268809e-6,-1.851342918510012e-5,1.134812494207044e-5,-1.3088679058866211e-5,4.822086303420222e-6,9.764050227234727e-7,-1.1004169283353765e-5,-1.4226081543947578e-5,-2.3908465702109025e-6,-1.3307146219960195e-6,5.407027645479352e-7,1.0404661697642247e-6,1.0126930841103232e-5,8.508853160593012e-7,3.5802350248846514e-6,-7.815340176556277e-6,-6.39273941892526e-8,2.1115250882054064e-7,-6.009886786719344e-7,1.2820714067962935e-4,1.8394242531171806e-4,2.4640042061594477e-4
519.0133333333333,-2.0753487601068083e-5,-3.951106144485327e-6,5.1674883997359285e-6,-6.951540858391191e-6,4.249990739313808e-7,1.115030998313e-5,3.275825024372991e-7,5.297411302947487e-6,-6.623442055247293e-6,9.354589584268809e-6,-1.851342918510012e-5,1.134812494207044e-5,-1.3088679058866211e-5,4.822086303420222e-6,9.764050227234727e-7,-1.1004169283353765e-5,-1.4226081543947578e-5,-2.3908465702109025e-6,-1.3307146219960195e-6,5.407027645479352e-7,1.0404661697642247e-6,1.0126930841103232e-5,8.508853160593012e-7,3.5802350248846514e-6,-7.815340176556277e-6,-6.39273941892526e-8,2.1115250882054064e-7,-6.009886786719344e-7,1.4559405498056242e-4,2.354467554411344e-4,3.313062349714533e-4
778.52,-2.0753487601068083e-5,-3.951106144485327e-6,5.1674883997359285e-6,-6.951540858391191e-6,4.249990739313808e-7,1.115030998313e-5,3.275825024372991e-7,5.297411302947487e-6,-6.623442055247293e-6,9.354589584268809e-6,-1.851342918510012e-5,1.134812494207044e-5,-1.3088679058866211e-5,4.822086303420222e-6,9.764050227234727e-7,-1.1004169283353765e-5,-1.4226081543947578e-5,-2.3908465702109025e-6,-1.3307146219960195e-6,5.407027645479352e-7,1.0404661697642247e-6,1.0126930841103232e-5,8.508853160593012e-7,3.5802350248846514e-6,-7.815340176556277e-6,-6.39273941892526e-8,2.1115250882054064e-7,-6.009886786719344e-7,1.5170986249449442e-4,3.069627821375504e-4,4.970050416915619e-4
1038.0266666666666,-2.0753487601068083e-5,-3.951106144485327e-6,5.1674883997359285e-6,-6.951540858391191e-6,4.249990739313808e-7,1.115030998313e-5,3.275825024372991e-7,5.297411302947487e-6,-6.623442055247293e-6,9.354589584268809e-6,-1.851342918510012e-5,1.134812494207044e-5,-1.3088679058866211e-5,4.822086303420222e-6,9.764050227234727e-7,-1.1004169283353765e-5,-1.4226081543947578e-5,-2.3908465702109025e-6,-1.3307146219960195e-6,5.407027645479352e-7,1.0404661697642247e-6,1.0126930841103232e-5,8.508853160593012e-7,3.5802350248846514e-6,-7.815340176556277e-6,-6.39273941892526e-8,2.1115250882054064e-7,-6.009886786719344e-7,1.824495089216482e-4,3.893188247605739e-4,7.281437694281151e-4
1297.5333333333333,-2.0753487601068083e-5,-3.951106144485327e-6,5.1674883997359285e-6,-6.951540858391191e-6,4.249990739313808e-7,1.115030998313e-5,3.275825024372991e-7,5.297411302947487e-6,-6.623442055247293e-6,9.354589584268809e-6,-1.851342918510012e-5,1.134812494207044e-5,-1.3088679058866211e-5,4.822086303420222e-6,9.764050227234727e-7,-1.1004169283353765e-5,-1.4226081543947578e-5,-2.3908465702109025e-6,-1.3307146219960195e-6,5.407027645479352e-7,1.0404661697642247e-6,1.0126930841103232e-5,8.508853160593012e-7,3.5802350248846514e-6,-7.815340176556277e-6,-6.39273941892526e-8,2.1115250882054064e-7,-6.009886786719344e-7,2.1303848825768139e-4,4.8803564046105837e-4,0.0010819011044510304
1557.04,-2.0753487601068083e-5,-3.951106144485327e-6,5.1674883997359285e-6,-6.951540858391191e-6,4.249990739313808e-7,1.115030998313e-5,3.275825024372991e-7,5.297411302947487e-6,-6.623442055247293e-6,9.354589584268809e-6,-1.851342918510012e-5,1.134812494207044e-5,-1.3088679058866211e-5,4.822086303420222e-6,9.764050227234727e-7,-1.1004169283353765e-5,-1.4226081543947578e-5,-2.3908465702109025e-6,-1.3307146219960195e-6,5.407027645479352e-7,1.0404661697642247e-6,1.0126930841103232e-5,8.508853160593012e-7,3.5802350248846514e-6,-7.815340176556277e-6,-6.39273941892526e-8,2.1115250882054064e-7,-6.009886786719344e-7,2.245384638688983e-4,6.222313206462394e-4,0.001607313913380063
1816.5466666666666,-2.0753487601068083e-5,-3.951106144485327e-6,5.1674883997359285e-6,-6.951540858391191e-6,4.249990739313808e-7,1.115030998313e-5,3.275825024372991e-7,5.297411302947487e-6,-6.623442055247293e-6,9.354589584268809e-6,-1.851342918510012e-5,1.134812494207044e-5,-1.3088679058866211e-5,4.822086303420222e-6,9.764050227234727e-7,-1.1004169283353765e-5,-1.4226081543947578e-5,-2.3908465702109025e-6,-1.3307146219960195e-6,5.407027645479352e-7,1.0404661697642247e-6,1.0126930841103232e-5,8.508853160593012e-7,3.5802350248846514e-6,-7.815340176556277e-6,-6.39273941892526e-8,2.1115250882054064e-7,-6.009886786719344e-7,2.366802052355751e-4,7.922851285034403e-4,0.002387373458828089
2076.0533333333333,-2.0753487601068083e-5,-3.951106144485327e-6,5.1674883997359285e-6,-6.951540858391191e-6,4.249990739313808e-7,1.115030998313e-5,3.275825024372991e-7,5.297411302947487e-6,-6.623442055247293e-6,9.354589584268809e-6,-1.851342918510012e-5,1.134812494207044e-5,-1.3088679058866211e-5,4.822086303420222e-6,9.764050227234727e-7,-1.1004169283353765e-5,-1.4226081543947578e-5,-2.3908465702109025e-6,-1.3307146219960195e-6,5.407027645479352e-7,1.0404661697642247e-6,1.0126930841103232e-5,8.508853160593012e-7,3.5802350248846514e-6,-7.815340176556277e-6,-6.39273941892526e-8,2.1115250882054064e-7,-6.009886786719344e-7,2.4950059071615014e-4,9.913043136610088e-4,0.003544809055779626
2335.56,-2.0753487601068083e-5,-3.951106144485327e-6,5.1674883997359285e-6,-6.951540858391191e-6,4.249990739313808e-7,1.115030998313e-5,3.275825024372991e-7,5.297411302947487e-6,-6.623442055247293e-6,9.354589584268809e-6,-1.851342918510012e-5,1.134812494207044e-5,-1.3088679058866211e-5,4.822086303420222e-6,9.764050227234727e-7,-1.1004169283353765e-5,-1.4226081543947578e-5,-2.3908465702109025e-6,-1.3307146219960195e-6,5.407027645479352e-7,1.0404661697642247e-6,1.0126930841103232e-5,8.508853160593012e-7,3.5802350248846514e-6,-7.815340176556277e-6,-6.39273941892526e-8,2.1115250882054064e-7,-6.009886786719344e-7,2.6303866908389403e-4,0.0012466146849402393,0.00526064050067992
2595.0666666666666,-2.0753487601068083e-5,-3.951106144485327e-6,5.1674883997359285e-6,-6.951540858391191e-6,4.249990739313808e-7,1.115030998313e-5,3.275825024372991e-7,5.297411302947487e-6,-6.623442055247293e-6,9.354589584268809e-6,-1.851342918510012e-5,1.134812494207044e-5,-1.3088679058866211e-5,4.822086303420222e-6,9.764050227234727e-7,-1.1004169283353765e-5,-1.4226081543947578e-5,-2.3908465702109025e-6,-1.3307146219960195e-6,5.407027645479352e-7,1.0404661697642247e-6,1.0126930841103232e-5,8.508853160593012e-7,3.5802350248846514e-6,-7.815340176556277e-6,-6.39273941892526e-8,2.1115250882054064e-7,-6.009886786719344e-7,2.773357895358274e-4,0.001601465673038145,0.007800817064912804
2854.5733333333333,-2.0753487601068083e-5,-3.951106144485327e-6,5.1674883997359285e-6,-6.951540858391191e-6,4.249990739313808e-7,1.115030998313e-5,3.275825024372991e-7,5.297411302947487e-6,-6.623442055247293e-6,9.354589584268809e-6,-1.851342918510012e-5,1.134812494207044e-5,-1.3088679058866211e-5,4.822086303420222e-6,9.764050227234727e-7,-1.1004169283353765e-5,-1.4226081543947578e-5,-2.3908465702109025e-6,-1.3307146219960195e-6,5.407027645479352e-7,1.0404661697642247e-6,1.0126930841103232e-5,8.508853160593012e-7,3.5802350248846514e-6,-7.815340176556277e-6,-6.39273941892526e-8,2.1115250882054064e-7,-6.009886786719344e-7,2.9243573957113097e-4,0.0020316902169777683,0.01155377376131517
3114.08,-2.0753487601068083e-5,-3.951106144485327e-6,5.1674883997359285e-6,-6.951540858391191e-6,4.249990739313808e-7,1.115030998313e-5,3.275825024372991e-7,5.297411302947487e-6,-6.623442055247293e-6,9.354589584268809e-6,-1.851342918510012e-5,1.134812494207044e-5,-1.3088679058866211e-5,4.822086303420222e-6,9.764050227234727e-7,-1.1004169283353765e-5,-1.4226081543947578e-5,-2.3908465702109025e-6,-1.3307146219960195e-6,5.407027645479352e-7,1.0404661697642247e-6,1.0126930841103232e-5,8.508853160593012e-7,3.5802350248846514e-6,-7.815340176556277e-6,-6.39273941892526e-8,2.1115250882054064e-7,-6.009886786719344e-7,3.0838489121595984e-4,0.002582373924780129,0.01708186701949663
3373.5866666666666,-2.0753487601068083e-5,-3.951106144485327e-6,5.1674883997359285e-6,-6.951540858391191e-6,4.249990739313808e-7,1.115030998313e-5,3.275825024372991e-7,5.297411302947487e-6,-6.623442055247293e-6,9.354589584268809e-6,-1.851342918510012e-5,1.134812494207044e-5,-1.3088679058866211e-5,4.822086303420222e-6,9.764050227234727e-7,-1.1004169283353765e-5,-1.4226081543947578e-5,-2.3908465702109025e-6,-1.3307146219960195e-6,5.407027645479352e-7,1.0404661697642247e-6,1.0126930841103232e-5,8.508853160593012e-7,3.5802350248846514e-6,-7.815340176556277e-6,-6.39273941892526e-8,2.1115250882054064e-7,-6.009886786719344e-7,3.252323561000767e-4,0.0032910577047553236,0.025190098119155048
3633.0933333333332,-2.0753487601068083e-5,-3.951106144485327e-6,5.1674883997359285e-6,-6.951540858391191e-6,4.249990739313808e-7,1.115030998313e-5,3.275825024372991e-7,5.297411302947487e-6,-6.623442055247293e-6,9.354589584268809e-6,-1.851342918510012e-5,1.134812494207044e-5,-1.3088679058866211e-5,4.822086303420222e-6,9.764050227234727e-7,-1.1004169283353765e-5,-1.4226081543947578e-5,-2.3908465702109025e-6,-1.3307146219960195e-6,5.407027645479352e-7,1.0404661697642247e-6,1.0126930841103232e-5,8.508853160593012e-7,3.5802350248846514e-6,-7.815340176556277e-6,-6.39273941892526e-8,2.1115250882054064e-7,-6.009886786719344e-7,3.4303014992087414e-4,0.004193419934403417,0.03702395514238774
3892.6,-2.0753487601068083e-5,-3.951106144485327e-6,5.1674883997359285e-6,-6.951540858391191e-6,4.249990739313808e-7,1.115030998313e-5,3.275825024372991e-7,5.297411302947487e-6,-6.623442055247293e-6,9.354589584268809e-6,-1.851342918510012e-5,1.134812494207044e-5,-1.3088679058866211e-5,4.822086303420222e-6,9.764050227234727e-7,-1.1004169283353765e-5,-1.4226081543947578e-5,-2.3908465702109025e-6,-1.3307146219960195e-6,5.407027645479352e-7,1.0404661697642247e-6,1.0126930841103232e-5,8.508853160593012e-7,3.5802350248846514e-6,-7.815340176556277e-6,-6.39273941892526e-8,2.1115250882054064e-7,-6.009886786719344e-7,3.618333668621983e-4,0.005341885503517401,0.054110323925477245
4152.106666666667,-2.0753487601068083e-5,-3.951106144485327e-6,5.1674883997359285e-6,-6.951540858391191e-6,4.249990739313808e-7,1.115030998313e-5,3.275825024372991e-7,5.297411302947487e-6,-6.623442055247293e-6,9.354589584268809e-6,-1.851342918510012e-5,1.134812494207044e-5,-1.3088679058866211e-5,4.822086303420222e-6,9.764050227234727e-7,-1.1004169283353765e-5,-1.4226081543947578e-5,-2.3908465702109025e-6,-1.3307146219960195e-6,5.407027645479352e-7,1.0404661697642247e-6,1.0126930841103232e-5,8.508853160593012e-7,3.5802350248846514e-6,-7.815340176556277e-6,-6.39273941892526e-8,2.1115250882054064e-7,-6.009886786719344e-7,3.8170036456905334e-4,0.0068027542435449865,0.0784416478090234
4411.613333333333,-2.0753487601068083e-5,-3.951106144485327e-6,5.1674883997359285e-6,-6.951540858391191e-6,4.249990739313808e-7,1.115030998313e-5,3.275825024372991e-7,5.297411302947487e-6,-6.623442055247293e-6,9.354589584268809e-6,-1.851342918510012e-5,1.134812494207044e-5,-1.3088679058866211e-5,4.822086303420222e-6,9.764050227234727e-7,-1.1004169283353765e-5,-1.4226081543947578e-5,-2.3908465702109025e-6,-1.3307146219960195e-6,5.407027645479352e-7,1.0404661697642247e-6,1.0126930841103232e-5,8.508853160593012e-7,3.5802350248846514e-6,-7.815340176556277e-6,-6.39273941892526e-8,2.1115250882054064e-7,-6.009886786719344e-7,4.026929603148039e-4,0.00862178101352035,0.11241510001399455
4671.12,-2.0753487601068083e-5,-3.951106144485327e-6,5.1674883997359285e-6,-6.951540858391191e-6,4.249990739313808e-7,1.115030998313e-5,3.275825024372991e-7,5.297411302947487e-6,-6.623442055247293e-6,9.354589584268809e-6,-1.851342918510012e-5,1.134812494207044e-5,-1.3088679058866211e-5,4.822086303420222e-6,9.764050227234727e-7,-1.1004169283353765e-5,-1.4226081543947578e-5,-2.3908465702109025e-6,-1.3307146219960195e-6,5.407027645479352e-7,1.0404661697642247e-6,1.0126930841103232e-5,8.508853160593012e-7,3.5802350248846514e-6,-7.815340176556277e-6,-6.39273941892526e-8,2.1115250882054064e-7,-6.009886786719344e-7,4.248766390350185e-4,0.010895685812629518,0.15857027100439552
4930.626666666667,-2.0753487601068083e-5,-3.951106144485327e-6,5.1674883997359285e-6,-6.951540858391191e-6,4.249990739313808e-7,1.115030998313e-5,3.275825024372991e-7,5.297411302947487e-6,-6.623442055247293e-6,9.354589584268809e-6,-1.851342918510012e-5,1.134812494207044e-5,-1.3088679058866211e-5,4.822086303420222e-6,9.764050227234727e-7,-1.1004169283353765e-5,-1.4226081543947578e-5,-2.3908465702109025e-6,-1.3307146219960195e-6,5.407027645479352e-7,1.0404661697642247e-6,1.0126930841103232e-5,8.508853160593012e-7,3.5802350248846514e-6,-7.815340176556277e-6,-6.39273941892526e-8,2.1115250882054064e-7,-6.009886786719344e-7,4.483207739416853e-4,0.013668571298104207,0.21899457184349175
5190.133333333333,-2.0753487601068083e-5,-3.951106144485327e-6,5.1674883997359285e-6,-6.951540858391191e-6,4.249990739313808e-7,1.115030998313e-5,3.275825024372991e-7,5.297411302947487e-6,-6.623442055247293e-6,9.354589584268809e-6,-1.851342918510012e-5,1.134812494207044e-5,-1.3088679058866211e-5,4.822086303420222e-6,9.764050227234727e-7,-1.1004169283353765e-5,-1.4226081543947578e-5,-2.3908465702109025e-6,-1.3307146219960195e-6,5.407027645479352e-7,1.0404661697642247e-6,1.0126930841103232e-5,8.508853160593012e-7,3.5802350248846514e-6,-7.815340176556277e-6,-6.39273941892526e-8,2.1115250882054064e-7,-6.009886786719344e-7,4.730988604732888e-4,0.017132394501893272,0.2943743206332083
5449.639999999999,-2.0753487601068083e-5,-3.951106144485327e-6,5.1674883997359285e-6,-6.951540858391191e-6,4.249990739313808e-7,1.115030998313e-5,3.275825024372991e-7,5.297411302947487e-6,-6.623442055247293e-6,9.354589584268809e-6,-1.851342918510012e-5,1.134812494207044e-5,-1.3088679058866211e-5,4.822086303420222e-6,9.764050227234727e-7,-1.1004169283353765e-5,-1.4226081543947578e-5,-2.3908465702109025e-6,-1.3307146219960195e-6,5.407027645479352e-7,1.0404661697642247e-6,1.0126930841103232e-5,8.508853160593012e-7,3.5802350248846514e-6,-7.815340176556277e-6,-6.39273941892526e-8,2.1115250882054064e-7,-6.009886786719344e-7,4.99288764380253e-4,0.021515480538121114,0.38295251693734267
5709.1466666666665,-2.0753487601068083e-5,-3.951106144485327e-6,5.1674883997359285e-6,-6.951540858391191e-6,4.249990739313808e-7,1.115030998313e-5,3.275825024372991e-7,5.297411302947487e-6,-6.623442055247293e-6,9.354589584268809e-6,-1.851342918510012e-5,1.134812494207044e-5,-1.3088679058866211e-5,4.822086303420222e-6,9.764050227234727e-7,-1.1004169283353765e-5,-1.4226081543947578e-5,-2.3908465702109025e-6,-1.3307146219960195e-6,5.407027645479352e-7,1.0404661697642247e-6,1.0126930841103232e-5,8.508853160593012e-7,3.5802350248846514e-6,-7.815340176556277e-6,-6.39273941892526e-8,2.1115250882054064e-7,-6.009886786719344e-7,5.269729847916162e-4,0.027153789034225214,0.48001762993603814
5968.653333333334,-2.0753487601068083e-5,-3.951106144485327e-6,5.1674883997359285e-6,-6.951540858391191e-6,4.249990739313808e-7,1.115030998313e-5,3.275825024372991e-7,5.297411302947487e-6,-6.623442055247293e-6,9.354589584268809e-6,-1.851342918510012e-5,1.134812494207044e-5,-1.3088679058866211e-5,4.822086303420222e-6,9.764050227234727e-7,-1.1004169283353765e-5,-1.4226081543947578e-5,-2.3908465702109025e-6,-1.3307146219960195e-6,5.407027645479352e-7,1.0404661697642247e-6,1.0126930841103232e-5,8.508853160593012e-7,3.5802350248846514e-6,-7.815340176556277e-6,-6.39273941892526e-8,2.1115250882054064e-7,-6.009886786719344e-7,5.56238933157634e-4,0.034410707347396714,0.578579111095666
6228.16,-2.0753487601068083e-5,-3.951106144485327e-6,5.1674883997359285e-6,-6.951540858391191e-6,4.249990739313808e-7,1.115030998313e-5,3.275825024372991e-7,5.297411302947487e-6,-6.623442055247293e-6,9.354589584268809e-6,-1.851342918510012e-5,1.134812494207044e-5,-1.3088679058866211e-5,4.822086303420222e-6,9.764050227234727e-7,-1.1004169283353765e-5,-1.4226081543947578e-5,-2.3908465702109025e-6,-1.3307146219960195e-6,5.407027645479352e-7,1.0404661697642247e-6,1.0126930841103232e-5,8.508853160593012e-7,3.5802350248846514e-6,-7.815340176556277e-6,-6.39273941892526e-8,2.1115250882054064e-7,-6.009886786719344e-7,5.871792290143597e-4,0.043520300673273796,0.6712226556577473
6487.666666666666,-2.0753487601068083e-5,-3.951106144485327e-6,5.1674883997359285e-6,-6.951540858391191e-6,4.249990739313808e-7,1.115030998313e-5,3.275825024372991e-7,5.297411302947487e-6,-6.623442055247293e-6,9.354589584268809e-6,-1.851342918510012e-5,1.134812494207044e-5,-1.3088679058866211e-5,4.822086303420222e-6,9.764050227234727e-7,-1.1004169283353765e-5,-1.4226081543947578e-5,-2.3908465702109025e-6,-1.3307146219960195e-6,5.407027645479352e-7,1.0404661697642247e-6,1.0126930841103232e-5,8.508853160593012e-7,3.5802350248846514e-6,-7.815340176556277e-6,-6.39273941892526e-8,2.1115250882054064e-7,-6.009886786719344e-7,6.198920135702647e-4,0.054904370814937625,0.7522009507237281
6747.173333333333,-2.0753487601068083e-5,-3.951106144485327e-6,5.1674883997359285e-6,-6.951540858391191e-6,4.249990739313808e-7,1.115030998313e-5,3.275825024372991e-7,5.297411302947487e-6,-6.623442055247293e-6,9.354589584268809e-6,-1.851342918510012e-5,1.134812494207044e-5,-1.3088679058866211e-5,4.822086303420222e-6,9.764050227234727e-7,-1.1004169283353765e-5,-1.4226081543947578e-5,-2.3908465702109025e-6,-1.3307146219960195e-6,5.407027645479352e-7,1.0404661697642247e-6,1.0126930841103232e-5,8.508853160593012e-7,3.5802350248846514e-6,-7.815340176556277e-6,-6.39273941892526e-8,2.1115250882054064e-7,-6.009886786719344e-7,6.544812821716853e-4,0.06905132283126755,0.8186120701066393
7006.68,-2.0753487601068083e-5,-3.951106144485327e-6,5.1674883997359285e-6,-6.951540858391191e-6,4.249990739313808e-7,1.115030998313e-5,3.275825024372991e-7,5.297411302947487e-6,-6.623442055247293e-6,9.354589584268809e-6,-1.851342918510012e-5,1.134812494207044e-5,-1.3088679058866211e-5,4.822086303420222e-6,9.764050227234727e-7,-1.1004169283353765e-5,-1.4226081543947578e-5,-2.3908465702109025e-6,-1.3307146219960195e-6,5.407027645479352e-7,1.0404661697642247e-6,1.0126930841103232e-5,8.508853160593012e-7,3.5802350248846514e-6,-7.815340176556277e-6,-6.39273941892526e-8,2.1115250882054064e-7,-6.009886786719344e-7,6.910572367634427e-4,0.08650980295932542,0.8702883775588932
7266.1866666666665,-2.0753487601068083e-5,-3.951106144485327e-6,5.1674883997359285e-6,-6.951540858391191e-6,4.249990739313808e-7,1.115030998313e-5,3.275825024372991e-7,5.297411302947487e-6,-6.623442055247293e-6,9.354589584268809e-6,-1.851342918510012e-5,1.134812494207044e-5,-1.3088679058866211e-5,4.822086303420222e-6,9.764050227234727e-7,-1.1004169283353765e-5,-1.4226081543947578e-5,-2.3908465702109025e-6,-1.3307146219960195e-6,5.407027645479352e-7,1.0404661697642247e-6,1.0126930841103232e-5,8.508853160593012e-7,3.5802350248846514e-6,-7.815340176556277e-6,-6.39273941892526e-8,2.1115250882054064e-7,-6.009886786719344e-7,7.297366595234302e-4,0.10777218932099086,0.908878886373417
7525.693333333333,-2.0753487601068083e-5,-3.951106144485327e-6,5.1674883997359285e-6,-6.951540858391191e-6,4.249990739313808e-7,1.115030998313e-5,3.275825024372991e-7,5.297411302947487e-6,-6.623442055247293e-6,9.354589584268809e-6,-1.851342918510012e-5,1.134812494207044e-5,-1.3088679058866211e-5,4.822086303420222e-6,9.764050227234727e-7,-1.1004169283353765e-5,-1.4226081543947578e-5,-2.3908465702109025e-6,-1.3307146219960195e-6,5.407027645479352e-7,1.0404661697642247e-6,1.0126930841103232e-5,8.508853160593012e-7,3.5802350248846514e-6,-7.815340176556277e-6,-6.39273941892526e-8,2.1115250882054064e-7,-6.009886786719344e-7,7.70643308915384e-4,0.1327165623546254,0.9368208684270642
7785.2,-2.0753487601068083e-5,-3.951106144485327e-6,5.1674883997359285e-6,-6.951540858391191e-6,4.249990739313808e-7,1.115030998313e-5,3.275825024372991e-7,5.297411302947487e-6,-6.623442055247293e-6,9.354589584268809e-6,-1.851342918510012e-5,1.134812494207044e-5,-1.3088679058866211e-5,4.822086303420222e-6,9.764050227234727e-7,-1.1004169283353765e-5,-1.4226081543947578e-5,-2.3908465702109025e-6,-1.3307146219960195e-6,5.407027645479352e-7,1.0404661697642247e-6,1.0126930841103232e-5,8.508853160593012e-7,3.5802350248846514e-6,-7.815340176556277e-6,-6.39273941892526e-8,2.1115250882054064e-7,-6.009886786719344e-7,8.139083394725255e-4,0.16238960067058736,0.9566031723623178
8044.706666666667,-2.0753487601068083e-5,-3.951106144485327e-6,5.1674883997359285e-6,-6.951540858391191e-6,4.249990739313808e-7,1.115030998313e-5,3.275825024372991e-7,5.297411302947487e-6,-6.623442055247293e-6,9.354589584268809e-6,-1.851342918510012e-5,1.134812494207044e-5,-1.3088679058866211e-5,4.822086303420222e-6,9.764050227234727e-7,-1.1004169283353765e-5,-1.4226081543947578e-5,-2.3908465702109025e-6,-1.3307146219960195e-6,5.407027645479352e-7,1.0404661697642247e-6,1.0126930841103232e-5,8.508853160593012e-7,3.5802350248846514e-6,-7.815340176556277e-6,-6.39273941892526e-8,2.1115250882054064e-7,-6.009886786719344e-7,8.59670746696324e-4,0.19719323447566012,0.9703868011308704
8304.213333333333,-2.0753487601068083e-5,-3.951106144485327e-6,5.1674883997359285e-6,-6.951540858391191e-6,4.249990739313808e-7,1.115030998313e-5,3.275825024372991e-7,5.297411302947487e-6,-6.623442055247293e-6,9.354589584268809e-6,-1.851342918510012e-5,1.134812494207044e-5,-1.3088679058866211e-5,4.822086303420222e-6,9.764050227234727e-7,-1.1004169283353765e-5,-1.4226081543947578e-5,-2.3908465702109025e-6,-1.3307146219960195e-6,5.407027645479352e-7,1.0404661697642247e-6,1.0126930841103232e-5,8.508853160593012e-7,3.5802350248846514e-6,-7.815340176556277e-6,-6.39273941892526e-8,2.1115250882054064e-7,-6.009886786719344e-7,9.08077838529326e-4,0.2373443880031501,0.9798842608815608
8563.72,-2.0753487601068083e-5,-3.951106144485327e-6,5.1674883997359285e-6,-6.951540858391191e-6,4.249990739313808e-7,1.115030998313e-5,3.275825024372991e-7,5.297411302947487e-6,-6.623442055247293e-6,9.354589584268809e-6,-1.851342918510012e-5,1.134812494207044e-5,-1.3088679058866211e-5,4.822086303420222e-6,9.764050227234727e-7,-1.1004169283353765e-5,-1.4226081543947578e-5,-2.3908465702109025e-6,-1.3307146219960195e-6,5.407027645479352e-7,1.0404661697642247e-6,1.0126930841103232e-5,8.508853160593012e-7,3.5802350248846514e-6,-7.815340176556277e-6,-6.39273941892526e-8,2.1115250882054064e-7,-6.009886786719344e-7,0.00095928573493886545,0.2824920847477342,0.9863782267068779
8823.226666666666,-2.0753487601068083e-5,-3.951106144485327e-6,5.1674883997359285e-6,-6.951540858391191e-6,4.249990739313808e-7,1.115030998313e-5,3.275825024372991e-7,5.297411302947487e-6,-6.623442055247293e-6,9.354589584268809e-6,-1.851342918510012e-5,1.134812494207044e-5,-1.3088679058866211e-5,4.822086303420222e-6,9.764050227234727e-7,-1.1004169283353765e-5,-1.4226081543947578e-5,-2.3908465702109025e-6,-1.3307146219960195e-6,5.407027645479352e-7,1.0404661697642247e-6,1.0126930841103232e-5,8.508853160593012e-7,3.5802350248846514e-6,-7.815340176556277e-6,-6.39273941892526e-8,2.1115250882054064e-7,-6.009886786719344e-7,0.0010134598972294892,0.3331978504020019,0.9907952299781249
9082.733333333334,-2.0753487601068083e-5,-3.951106144485327e-6,5.1674883997359285e-6,-6.951540858391191e-6,4.249990739313808e-7,1.115030998313e-5,3.275825024372991e-7,5.297411302947487e-6,-6.623442055247293e-6,9.354589584268809e-6,-1.851342918510012e-5,1.134812494207044e-5,-1.3088679058866211e-5,4.822086303420222e-6,9.764050227234727e-7,-1.1004169283353765e-5,-1.4226081543947578e-5,-2.3908465702109025e-6,-1.3307146219960195e-6,5.407027645479352e-7,1.0404661697642247e-6,1.0126930841103232e-5,8.508853160593012e-7,3.5802350248846514e-6,-7.815340176556277e-6,-6.39273941892526e-8,2.1115250882054064e-7,-6.009886786719344e-7,0.0010707756887861236,0.3888149734883271,0.9937888292435666
9342.24,-2.0753487601068083e-5,-3.951106144485327e-6,5.1674883997359285e-6,-6.951540858391191e-6,4.249990739313808e-7,1.115030998313e-5,3.275825024372991e-7,5.297411302947487e-6,-6.623442055247293e-6,9.354589584268809e-6,-1.851342918510012e-5,1.134812494207044e-5,-1.3088679058866211e-5,4.822086303420222e-6,9.764050227234727e-7,-1.1004169283353765e-5,-1.4226081543947578e-5,-2.3908465702109025e-6,-1.3307146219960195e-6,5.407027645479352e-7,1.0404661697642247e-6,1.0126930841103232e-5,8.508853160593012e-7,3.5802350248846514e-6,-7.815340176556277e-6,-6.39273941892526e-8,2.1115250882054064e-7,-6.009886786719344e-7,0.001131418969037264,0.4474917375699005,0.9958128340365497
9601.746666666666,-2.0753487601068083e-5,-3.951106144485327e-6,5.1674883997359285e-6,-6.951540858391191e-6,4.249990739313808e-7,1.115030998313e-5,3.275825024372991e-7,5.297411302947487e-6,-6.623442055247293e-6,9.354589584268809e-6,-1.851342918510012e-5,1.134812494207044e-5,-1.3088679058866211e-5,4.822086303420222e-6,9.764050227234727e-7,-1.1004169283353765e-5,-1.4226081543947578e-5,-2.3908465702109025e-6,-1.3307146219960195e-6,5.407027645479352e-7,1.0404661697642247e-6,1.0126930841103232e-5,8.508853160593012e-7,3.5802350248846514e-6,-7.815340176556277e-6,-6.39273941892526e-8,2.1115250882054064e-7,-6.009886786719344e-7,0.001195586722517789,0.507674274630376,0.9971790684301034
9861.253333333334,-2.0753487601068083e-5,-3.951106144485327e-6,5.1674883997359285e-6,-6.951540858391191e-6,4.249990739313808e-7,1.115030998313e-5,3.275825024372991e-7,5.297411302947487e-6,-6.623442055247293e-6,9.354589584268809e-6,-1.851342918510012e-5,1.134812494207044e-5,-1.3088679058866211e-5,4.822086303420222e-6,9.764050227234727e-7,-1.1004169283353765e-5,-1.4226081543947578e-5,-2.3908465702109025e-6,-1.3307146219960195e-6,5.407027645479352e-7,1.0404661697642247e-6,1.0126930841103232e-5,8.508853160593012e-7,3.5802350248846514e-6,-7.815340176556277e-6,-6.39273941892526e-8,2.1115250882054064e-7,-6.009886786719344e-7,0.0012634877250041693,0.5676404882111439,0.9981002991685427
10120.76,-2.0753487601068083e-5,-3.951106144485327e-6,5.1674883997359285e-6,-6.951540858391191e-6,4.249990739313808e-7,1.115030998313e-5,3.275825024372991e-7,5.297411302947487e-6,-6.623442055247293e-6,9.354589584268809e-6,-1.851342918510012e-5,1.134812494207044e-5,-1.3088679058866211e-5,4.822086303420222e-6,9.764050227234727e-7,-1.1004169283353765e-5,-1.4226081543947578e-5,-2.3908465702109025e-6,-1.3307146219960195e-6,5.407027645479352e-7,1.0404661697642247e-6,1.0126930841103232e-5,8.508853160593012e-7,3.5802350248846514e-6,-7.815340176556277e-6,-6.39273941892526e-8,2.1115250882054064e-7,-6.009886786719344e-7,0.0013353432487907798,0.6256921637714838,0.998721024607211
10380.266666666666,-2.0753487601068083e-5,-3.951106144485327e-6,5.1674883997359285e-6,-6.951540858391191e-6,4.249990739313808e-7,1.115030998313e-5,3.275825024372991e-7,5.297411302947487e-6,-6.623442055247293e-6,9.354589584268809e-6,-1.851342918510012e-5,1.134812494207044e-5,-1.3088679058866211e-5,4.822086303420222e-6,9.764050227234727e-7,-1.1004169283353765e-5,-1.4226081543947578e-5,-2.3908465702109025e-6,-1.3307146219960195e-6,5.407027645479352e-7,1.0404661697642247e-6,1.0126930841103232e-5,8.508853160593012e-7,3.5802350248846514e-6,-7.815340176556277e-6,-6.39273941892526e-8,2.1115250882054064e-7,-6.009886786719344e-7,0.0014113878092744548,0.6803416494687418,0.9991390721804281
10639.773333333333,-2.0753487601068083e-5,-3.951106144485327e-6,5.1674883997359285e-6,-6.951540858391191e-6,4.249990739313808e-7,1.115030998313e-5,3.275825024372991e-7,5.297411302947487e-6,-6.623442055247293e-6,9.354589584268809e-6,-1.851342918510012e-5,1.134812494207044e-5,-1.3088679058866211e-5,4.822086303420222e-6,9.764050227234727e-7,-1.1004169283353765e-5,-1.4226081543947578e-5,-2.3908465702109025e-6,-1.3307146219960195e-6,5.407027645479352e-7,1.0404661697642247e-6,1.0126930841103232e-5,8.508853160593012e-7,3.5802350248846514e-6,-7.815340176556277e-6,-6.39273941892526e-8,2.1115250882054064e-7,-6.009886786719344e-7,0.0014918699551150774,0.7304512173370352,0.9994205338511879
10899.279999999999,-2.0753487601068083e-5,-3.951106144485327e-6,5.1674883997359285e-6,-6.951540858391191e-6,4.249990739313808e-7,1.115030998313e-5,3.275825024372991e-7,5.297411302947487e-6,-6.623442055247293e-6,9.354589584268809e-6,-1.851342918510012e-5,1.134812494207044e-5,-1.3088679058866211e-5,4.822086303420222e-6,9.764050227234727e-7,-1.1004169283353765e-5,-1.4226081543947578e-5,-2.3908465702109025e-6,-1.3307146219960195e-6,5.407027645479352e-7,1.0404661697642247e-6,1.0126930841103232e-5,8.508853160593012e-7,3.5802350248846514e-6,-7.815340176556277e-6,-6.39273941892526e-8,2.1115250882054064e-7,-6.009886786719344e-7,0.0015770531043425475,0.7753006090640828,0.9996099988682016
11158.786666666667,-2.0753487601068083e-5,-3.951106144485327e-6,5.1674883997359285e-6,-6.951540858391191e-6,4.249990739313808e-7,1.115030998313e-5,3.275825024372991e-7,5.297411302947487e-6,-6.623442055247293e-6,9.354589584268809e-6,-1.851342918510012e-5,1.134812494207044e-5,-1.3088679058866211e-5,4.822086303420222e-6,9.764050227234727e-7,-1.1004169283353765e-5,-1.4226081543947578e-5,-2.3908465702109025e-6,-1.3307146219960195e-6,5.407027645479352e-7,1.0404661697642247e-6,1.0126930841103232e-5,8.508853160593012e-7,3.5802350248846514e-6,-7.815340176556277e-6,-6.39273941892526e-8,2.1115250882054064e-7,-6.009886786719344e-7,0.0016672164288844315,0.8145817841035592,0.9997375217004938
11418.293333333333,-2.0753487601068083e-5,-3.951106144485327e-6,5.1674883997359285e-6,-6.951540858391191e-6,4.249990739313808e-7,1.115030998313e-5,3.275825024372991e-7,5.297411302947487e-6,-6.623442055247293e-6,9.354589584268809e-6,-1.851342918510012e-5,1.134812494207044e-5,-1.3088679058866211e-5,4.822086303420222e-6,9.764050227234727e-7,-1.1004169283353765e-5,-1.4226081543947578e-5,-2.3908465702109025e-6,-1.3307146219960195e-6,5.407027645479352e-7,1.0404661697642247e-6,1.0126930841103232e-5,8.508853160593012e-7,3.5802350248846514e-6,-7.815340176556277e-6,-6.39273941892526e-8,2.1115250882054064e-7,-6.009886786719344e-7,0.0017626557900934999,0.8483386915790677,0.9998233475690361
11677.8,-2.0753487601068083e-5,-3.951106144485327e-6,5.1674883997359285e-6,-6.951540858391191e-6,4.249990739313808e-7,1.115030998313e-5,3.275825024372991e-7,5.297411302947487e-6,-6.623442055247293e-6,9.354589584268809e-6,-1.851342918510012e-5,1.134812494207044e-5,-1.3088679058866211e-5,4.822086303420222e-6,9.764050227234727e-7,-1.1004169283353765e-5,-1.4226081543947578e-5,-2.3908465702109025e-6,-1.3307146219960195e-6,5.407027645479352e-7,1.0404661697642247e-6,1.0126930841103232e-5,8.508853160593012e-7,3.5802350248846514e-6,-7.815340176556277e-6,-6.39273941892526e-8,2.1115250882054064e-7,-6.009886786719344e-7,0.0018636847279595043,0.8768780086956001,0.999881108576602
11937.306666666667,-2.0753487601068083e-5,-3.951106144485327e-6,5.1674883997359285e-6,-6.951540858391191e-6,4.249990739313808e-7,1.115030998313e-5,3.275825024372991e-7,5.297411302947487e-6,-6.623442055247293e-6,9.354589584268809e-6,-1.851342918510012e-5,1.134812494207044e-5,-1.3088679058866211e-5,4.822086303420222e-6,9.764050227234727e-7,-1.1004169283353765e-5,-1.4226081543947578e-5,-2.3908465702109025e-6,-1.3307146219960195e-6,5.407027645479352e-7,1.0404661697642247e-6,1.0126930841103232e-5,8.508853160593012e-7,3.5802350248846514e-6,-7.815340176556277e-6,-6.39273941892526e-8,2.1115250882054064e-7,-6.009886786719344e-7,0.0019706355067942243,0.9006748096843975,0.9999199815429176
12196.813333333334,-2.0753487601068083e-5,-3.951106144485327e-6,5.1674883997359285e-6,-6.951540858391191e-6,4.249990739313808e-7,1.115030998313e-5,3.275825024372991e-7,5.297411302947487e-6,-6.623442055247293e-6,9.354589584268809e-6,-1.851342918510012e-5,1.134812494207044e-5,-1.3088679058866211e-5,4.822086303420222e-6,9.764050227234727e-7,-1.1004169283353765e-5,-1.4226081543947578e-5,-2.3908465702109025e-6,-1.3307146219960195e-6,5.407027645479352e-7,1.0404661697642247e-6,1.0126930841103232e-5,8.508853160593012e-7,3.5802350248846514e-6,-7.815340176556277e-6,-6.39273941892526e-8,2.1115250882054064e-7,-6.009886786719344e-7,0.0020838602202820945,0.9202613619687151,0.9999461431098324
12456.32,-2.0753487601068083e-5,-3.951106144485327e-6,5.1674883997359285e-6,-6.951540858391191e-6,4.249990739313808e-7,1.115030998313e-5,3.275825024372991e-7,5.297411302947487e-6,-6.623442055247293e-6,9.354589584268809e-6,-1.851342918510012e-5,1.134812494207044e-5,-1.3088679058866211e-5,4.822086303420222e-6,9.764050227234727e-7,-1.1004169283353765e-5,-1.4226081543947578e-5,-2.3908465702109025e-6,-1.3307146219960195e-6,5.407027645479352e-7,1.0404661697642247e-6,1.0126930841103232e-5,8.508853160593012e-7,3.5802350248846514e-6,-7.815340176556277e-6,-6.39273941892526e-8,2.1115250882054064e-7,-6.009886786719344e-7,0.0022037319588895624,0.9361009600173371,0.9999637501976327
12715.826666666666,-2.0753487601068083e-5,-3.951106144485327e-6,5.1674883997359285e-6,-6.951540858391191e-6,4.249990739313808e-7,1.115030998313e-5,3.275825024372991e-7,5.297411302947487e-6,-6.623442055247293e-6,9.354589584268809e-6,-1.851342918510012e-5,1.134812494207044e-5,-1.3088679058866211e-5,4.822086303420222e-6,9.764050227234727e-7,-1.1004169283353765e-5,-1.4226081543947578e-5,-2.3908465702109025e-6,-1.3307146219960195e-6,5.407027645479352e-7,1.0404661697642247e-6,1.0126930841103232e-5,8.508853160593012e-7,3.5802350248846514e-6,-7.815340176556277e-6,-6.39273941892526e-8,2.1115250882054064e-7,-6.009886786719344e-7,0.002330646042723502,0.9489685924244415,0.9999756002993592
12975.333333333332,-2.0753487601068083e-5,-3.951106144485327e-6,5.1674883997359285e-6,-6.951540858391191e-6,4.249990739313808e-7,1.115030998313e-5,3.275825024372991e-7,5.297411302947487e-6,-6.623442055247293e-6,9.354589584268809e-6,-1.851342918510012e-5,1.134812494207044e-5,-1.3088679058866211e-5,4.822086303420222e-6,9.764050227234727e-7,-1.1004169283353765e-5,-1.4226081543947578e-5,-2.3908465702109025e-6,-1.3307146219960195e-6,5.407027645479352e-7,1.0404661697642247e-6,1.0126930841103232e-5,8.508853160593012e-7,3.5802350248846514e-6,-7.815340176556277e-6,-6.39273941892526e-8,2.1115250882054064e-7,-6.009886786719344e-7,0.002465021323020999,0.9593575107576948,0.9999835760111305
13234.84,-2.0753487601068083e-5,-3.951106144485327e-6,5.1674883997359285e-6,-6.951540858391191e-6,4.249990739313808e-7,1.115030998313e-5,3.275825024372991e-7,5.297411302947487e-6,-6.623442055247293e-6,9.354589584268809e-6,-1.851342918510012e-5,1.134812494207044e-5,-1.3088679058866211e-5,4.822086303420222e-6,9.764050227234727e-7,-1.1004169283353765e-5,-1.4226081543947578e-5,-2.3908465702109025e-6,-1.3307146219960195e-6,5.407027645479352e-7,1.0404661697642247e-6,1.0126930841103232e-5,8.508853160593012e-7,3.5802350248846514e-6,-7.815340176556277e-6,-6.39273941892526e-8,2.1115250882054064e-7,-6.009886786719344e-7,0.002607301555538112,0.9677034405275653,0.9999889442399486
13494.346666666666,-2.0753487601068083e-5,-3.951106144485327e-6,5.1674883997359285e-6,-6.951540858391191e-6,4.249990739313808e-7,1.115030998313e-5,3.275825024372991e-7,5.297411302947487e-6,-6.623442055247293e-6,9.354589584268809e-6,-1.851342918510012e-5,1.134812494207044e-5,-1.3088679058866211e-5,4.822086303420222e-6,9.764050227234727e-7,-1.1004169283353765e-5,-1.4226081543947578e-5,-2.3908465702109025e-6,-1.3307146219960195e-6,5.407027645479352e-7,1.0404661697642247e-6,1.0126930841103232e-5,8.508853160593012e-7,3.5802350248846514e-6,-7.815340176556277e-6,-6.39273941892526e-8,2.1115250882054064e-7,-6.009886786719344e-7,0.0027579568491817165,0.9743812984979876,0.9999925575705217
13753.853333333333,-2.0753487601068083e-5,-3.951106144485327e-6,5.1674883997359285e-6,-6.951540858391191e-6,4.249990739313808e-7,1.115030998313e-5,3.275825024372991e-7,5.297411302947487e-6,-6.623442055247293e-6,9.354589584268809e-6,-1.851342918510012e-5,1.134812494207044e-5,-1.3088679058866211e-5,4.822086303420222e-6,9.764050227234727e-7,-1.1004169283353765e-5,-1.4226081543947578e-5,-2.3908465702109025e-6,-1.3307146219960195e-6,5.407027645479352e-7,1.0404661697642247e-6,1.0126930841103232e-5,8.508853160593012e-7,3.5802350248846514e-6,-7.815340176556277e-6,-6.39273941892526e-8,2.1115250882054064e-7,-6.009886786719344e-7,0.002917485193294121,0.9797073491516337,0.9999949897749952
14013.36,-2.0753487601068083e-5,-3.951106144485327e-6,5.1674883997359285e-6,-6.951540858391191e-6,4.249990739313808e-7,1.115030998313e-5,3.275825024372991e-7,5.297411302947487e-6,-6.623442055247293e-6,9.354589584268809e-6,-1.851342918510012e-5,1.134812494207044e-5,-1.3088679058866211e-5,4.822086303420222e-6,9.764050227234727e-7,-1.1004169283353765e-5,-1.4226081543947578e-5,-2.3908465702109025e-6,-1.3307146219960195e-6,5.407027645479352e-7,1.0404661697642247e-6,1.0126930841103232e-5,8.508853160593012e-7,3.5802350248846514e-6,-7.815340176556277e-6,-6.39273941892526e-8,2.1115250882054064e-7,-6.009886786719344e-7,0.003086414067052275,0.9839443736347725,0.999996627000771
14272.866666666667,-2.0753487601068083e-5,-3.951106144485327e-6,5.1674883997359285e-6,-6.951540858391191e-6,4.249990739313808e-7,1.115030998313e-5,3.275825024372991e-7,5.297411302947487e-6,-6.623442055247293e-6,9.354589584268809e-6,-1.851342918510012e-5,1.134812494207044e-5,-1.3088679058866211e-5,4.822086303420222e-6,9.764050227234727e-7,-1.1004169283353765e-5,-1.4226081543947578e-5,-2.3908465702109025e-6,-1.3307146219960195e-6,5.407027645479352e-7,1.0404661697642247e-6,1.0126930841103232e-5,8.508853160593012e-7,3.5802350248846514e-6,-7.815340176556277e-6,-6.39273941892526e-8,2.1115250882054064e-7,-6.009886786719344e-7,0.0032653021344791287,0.9873081836481865,0.9999977291322784
14532.373333333333,-2.0753487601068083e-5,-3.951106144485327e-6,5.1674883997359285e-6,-6.951540858391191e-6,4.249990739313808e-7,1.115030998313e-5,3.275825024372991e-7,5.297411302947487e-6,-6.623442055247293e-6,9.354589584268809e-6,-1.851342918510012e-5,1.134812494207044e-5,-1.3088679058866211e-5,4.822086303420222e-6,9.764050227234727e-7,-1.1004169283353765e-5,-1.4226081543947578e-5,-2.3908465702109025e-6,-1.3307146219960195e-6,5.407027645479352e-7,1.0404661697642247e-6,1.0126930841103232e-5,8.508853160593012e-7,3.5802350248846514e-6,-7.815340176556277e-6,-6.39273941892526e-8,2.1115250882054064e-7,-6.009886786719344e-7,0.0034547410285808108,0.9899744224363115,0.9999984710825047
14791.88,-2.0753487601068083e-5,-3.951106144485327e-6,5.1674883997359285e-6,-6.951540858391191e-6,4.249990739313808e-7,1.115030998313e-5,3.275825024372991e-7,5.297411302947487e-6,-6.623442055247293e-6,9.354589584268809e-6,-1.851342918510012e-5,1.134812494207044e-5,-1.3088679058866211e-5,4.822086303420222e-6,9.764050227234727e-7,-1.1004169283353765e-5,-1.4226081543947578e-5,-2.3908465702109025e-6,-1.3307146219960195e-6,5.407027645479352e-7,1.0404661697642247e-6,1.0126930841103232e-5,8.508853160593012e-7,3.5802350248846514e-6,-7.815340176556277e-6,-6.39273941892526e-8,2.1115250882054064e-7,-6.009886786719344e-7,0.003655357228115883,0.992085039302518,0.9999989705793209
15051.386666666665,-2.0753487601068083e-5,-3.951106144485327e-6,5.1674883997359285e-6,-6.951540858391191e-6,4.249990739313808e-7,1.115030998313e-5,3.275825024372991e-7,5.297411302947487e-6,-6.623442055247293e-6,9.354589584268809e-6,-1.851342918510012e-5,1.134812494207044e-5,-1.3088679058866211e-5,4.822086303420222e-6,9.764050227234727e-7,-1.1004169283353765e-5,-1.4226081543947578e-5,-2.3908465702109025e-6,-1.3307146219960195e-6,5.407027645479352e-7,1.0404661697642247e-6,1.0126930841103232e-5,8.508853160593012e-7,3.5802350248846514e-6,-7.815340176556277e-6,-6.39273941892526e-8,2.1115250882054064e-7,-6.009886786719344e-7,0.003867814030468068,0.9937541249301445,0.9999993068641855
15310.893333333333,-2.0753487601068083e-5,-3.951106144485327e-6,5.1674883997359285e-6,-6.951540858391191e-6,4.249990739313808e-7,1.115030998313e-5,3.275825024372991e-7,5.297411302947487e-6,-6.623442055247293e-6,9.354589584268809e-6,-1.851342918510012e-5,1.134812494207044e-5,-1.3088679058866211e-5,4.822086303420222e-6,9.764050227234727e-7,-1.1004169283353765e-5,-1.4226081543947578e-5,-2.3908465702109025e-6,-1.3307146219960195e-6,5.407027645479352e-7,1.0404661697642247e-6,1.0126930841103232e-5,8.508853160593012e-7,3.5802350248846514e-6,-7.815340176556277e-6,-6.39273941892526e-8,2.1115250882054064e-7,-6.009886786719344e-7,0.004092813624026244,0.9950729856759455,0.9999995332757354
15570.4,-2.0753487601068083e-5,-3.951106144485327e-6,5.1674883997359285e-6,-6.951540858391191e-6,4.249990739313808e-7,1.115030998313e-5,3.275825024372991e-7,5.297411302947487e-6,-6.623442055247293e-6,9.354589584268809e-6,-1.851342918510012e-5,1.134812494207044e-5,-1.3088679058866211e-5,4.822086303420222e-6,9.764050227234727e-7,-1.1004169283353765e-5,-1.4226081543947578e-5,-2.3908465702109025e-6,-1.3307146219960195e-6,5.407027645479352e-7,1.0404661697642247e-6,1.0126930841103232e-5,8.508853160593012e-7,3.5802350248846514e-6,-7.815340176556277e-6,-6.39273941892526e-8,2.1115250882054064e-7,-6.009886786719344e-7,0.0043310992633703825,0.9961144480262045,0.9999996857183848
15829.906666666666,-2.0753487601068083e-5,-3.951106144485327e-6,5.1674883997359285e-6,-6.951540858391191e-6,4.249990739313808e-7,1.115030998313e-5,3.275825024372991e-7,5.297411302947487e-6,-6.623442055247293e-6,9.354589584268809e-6,-1.851342918510012e-5,1.134812494207044e-5,-1.3088679058866211e-5,4.822086303420222e-6,9.764050227234727e-7,-1.1004169283353765e-5,-1.4226081543947578e-5,-2.3908465702109025e-6,-1.3307146219960195e-6,5.407027645479352e-7,1.0404661697642247e-6,1.0126930841103232e-5,8.508853160593012e-7,3.5802350248846514e-6,-7.815340176556277e-6,-6.39273941892526e-8,2.1115250882054064e-7,-6.009886786719344e-7,0.004583457550412874,0.9969364455297989,0.9999997883617857
16089.413333333334,-2.0753487601068083e-5,-3.951106144485327e-6,5.1674883997359285e-6,-6.951540858391191e-6,4.249990739313808e-7,1.115030998313e-5,3.275825024372991e-7,5.297411302947487e-6,-6.623442055247293e-6,9.354589584268809e-6,-1.851342918510012e-5,1.134812494207044e-5,-1.3088679058866211e-5,4.822086303420222e-6,9.764050227234727e-7,-1.1004169283353765e-5,-1.4226081543947578e-5,-2.3908465702109025e-6,-1.3307146219960195e-6,5.407027645479352e-7,1.0404661697642247e-6,1.0126930841103232e-5,8.508853160593012e-7,3.5802350248846514e-6,-7.815340176556277e-6,-6.39273941892526e-8,2.1115250882054064e-7,-6.009886786719344e-7,0.00485072082444488,0.9975849688463045,0.9999998574767647
16348.92,-2.0753487601068083e-5,-3.951106144485327e-6,5.1674883997359285e-6,-6.951540858391191e-6,4.249990739313808e-7,1.115030998313e-5,3.275825024372991e-7,5.297411302947487e-6,-6.623442055247293e-6,9.354589584268809e-6,-1.851342918510012e-5,1.134812494207044e-5,-1.3088679058866211e-5,4.822086303420222e-6,9.764050227234727e-7,-1.1004169283353765e-5,-1.4226081543947578e-5,-2.3908465702109025e-6,-1.3307146219960195e-6,5.407027645479352e-7,1.0404661697642247e-6,1.0126930841103232e-5,8.508853160593012e-7,3.5802350248846514e-6,-7.815340176556277e-6,-6.39273941892526e-8,2.1115250882054064e-7,-6.009886786719344e-7,0.005133769663779381,0.9980964682515181,0.9999999040171416
16608.426666666666,-2.0753487601068083e-5,-3.951106144485327e-6,5.1674883997359285e-6,-6.951540858391191e-6,4.249990739313808e-7,1.115030998313e-5,3.275825024372991e-7,5.297411302947487e-6,-6.623442055247293e-6,9.354589584268809e-6,-1.851342918510012e-5,1.134812494207044e-5,-1.3088679058866211e-5,4.822086303420222e-6,9.764050227234727e-7,-1.1004169283353765e-5,-1.4226081543947578e-5,-2.3908465702109025e-6,-1.3307146219960195e-6,5.407027645479352e-7,1.0404661697642247e-6,1.0126930841103232e-5,8.508853160593012e-7,3.5802350248846514e-6,-7.815340176556277e-6,-6.39273941892526e-8,2.1115250882054064e-7,-6.009886786719344e-7,0.005433535501357948,0.998499795685676,0.9999999353575126
16867.933333333334,-2.0753487601068083e-5,-3.951106144485327e-6,5.1674883997359285e-6,-6.951540858391191e-6,4.249990739313808e-7,1.115030998313e-5,3.275825024372991e-7,5.297411302947487e-6,-6.623442055247293e-6,9.354589584268809e-6,-1.851342918510012e-5,1.134812494207044e-5,-1.3088679058866211e-5,4.822086303420222e-6,9.764050227234727e-7,-1.1004169283353765e-5,-1.4226081543947578e-5,-2.3908465702109025e-6,-1.3307146219960195e-6,5.407027645479352e-7,1.0404661697642247e-6,1.0126930841103232e-5,8.508853160593012e-7,3.5802350248846514e-6,-7.815340176556277e-6,-6.39273941892526e-8,2.1115250882054064e-7,-6.009886786719344e-7,0.005751003356287629,0.9988177656557493,0.9999999564629741
17127.44,-2.0753487601068083e-5,-3.951106144485327e-6,5.1674883997359285e-6,-6.951540858391191e-6,4.249990739313808e-7,1.115030998313e-5,3.275825024372991e-7,5.297411302947487e-6,-6.623442055247293e-6,9.354589584268809e-6,-1.851342918510012e-5,1.134812494207044e-5,-1.3088679058866211e-5,4.822086303420222e-6,9.764050227234727e-7,-1.1004169283353765e-5,-1.4226081543947578e-5,-2.3908465702109025e-6,-1.3307146219960195e-6,5.407027645479352e-7,1.0404661697642247e-6,1.0126930841103232e-5,8.508853160593012e-7,3.5802350248846514e-6,-7.815340176556277e-6,-6.39273941892526e-8,2.1115250882054064e-7,-6.009886786719344e-7,0.006087214682787551,0.9990684042870233,0.9999999706765056
17386.946666666667,-2.0753487601068083e-5,-3.951106144485327e-6,5.1674883997359285e-6,-6.951540858391191e-6,4.249990739313808e-7,1.115030998313e-5,3.275825024372991e-7,5.297411302947487e-6,-6.623442055247293e-6,9.354589584268809e-6,-1.851342918510012e-5,1.134812494207044e-5,-1.3088679058866211e-5,4.822086303420222e-6,9.764050227234727e-7,-1.1004169283353765e-5,-1.4226081543947578e-5,-2.3908465702109025e-6,-1.3307146219960195e-6,5.407027645479352e-7,1.0404661697642247e-6,1.0126930841103232e-5,8.508853160593012e-7,3.5802350248846514e-6,-7.815340176556277e-6,-6.39273941892526e-8,2.1115250882054064e-7,-6.009886786719344e-7,0.006443270337440378,0.9992659454276005,0.9999999802490088
17646.45333333333,-2.0753487601068083e-5,-3.951106144485327e-6,5.1674883997359285e-6,-6.951540858391191e-6,4.249990739313808e-7,1.115030998313e-5,3.275825024372991e-7,5.297411302947487e-6,-6.623442055247293e-6,9.354589584268809e-6,-1.851342918510012e-5,1.134812494207044e-5,-1.3088679058866211e-5,4.822086303420222e-6,9.764050227234727e-7,-1.1004169283353765e-5,-1.4226081543947578e-5,-2.3908465702109025e-6,-1.3307146219960195e-6,5.407027645479352e-7,1.0404661697642247e-6,1.0126930841103232e-5,8.508853160593012e-7,3.5802350248846514e-6,-7.815340176556277e-6,-6.39273941892526e-8,2.1115250882054064e-7,-6.009886786719344e-7,0.006820333664948993,0.9994216229283724,0.999999986696123
17905.96,-2.0753487601068083e-5,-3.951106144485327e-6,5.1674883997359285e-6,-6.951540858391191e-6,4.249990739313808e-7,1.115030998313e-5,3.275825024372991e-7,5.297411302947487e-6,-6.623442055247293e-6,9.354589584268809e-6,-1.851342918510012e-5,1.134812494207044e-5,-1.3088679058866211e-5,4.822086303420222e-6,9.764050227234727e-7,-1.1004169283353765e-5,-1.4226081543947578e-5,-2.3908465702109025e-6,-1.3307146219960195e-6,5.407027645479352e-7,1.0404661697642247e-6,1.0126930841103232e-5,8.508853160593012e-7,3.5802350248846514e-6,-7.815340176556277e-6,-6.39273941892526e-8,2.1115250882054064e-7,-6.009886786719344e-7,0.007219633701780581,0.9995442995047228,0.9999999910384396
18165.466666666667,-2.0753487601068083e-5,-3.951106144485327e-6,5.1674883997359285e-6,-6.951540858391191e-6,4.249990739313808e-7,1.115030998313e-5,3.275825024372991e-7,5.297411302947487e-6,-6.623442055247293e-6,9.354589584268809e-6,-1.851342918510012e-5,1.134812494207044e-5,-1.3088679058866211e-5,4.822086303420222e-6,9.764050227234727e-7,-1.1004169283353765e-5,-1.4226081543947578e-5,-2.3908465702109025e-6,-1.3307146219960195e-6,5.407027645479352e-7,1.0404661697642247e-6,1.0126930841103232e-5,8.508853160593012e-7,3.5802350248846514e-6,-7.815340176556277e-6,-6.39273941892526e-8,2.1115250882054064e-7,-6.009886786719344e-7,0.007642468496123046,0.9996409650818252,0.9999999939632237
18424.97333333333,-2.0753487601068083e-5,-3.951106144485327e-6,5.1674883997359285e-6,-6.951540858391191e-6,4.249990739313808e-7,1.115030998313e-5,3.275825024372991e-7,5.297411302947487e-6,-6.623442055247293e-6,9.354589584268809e-6,-1.851342918510012e-5,1.134812494207044e-5,-1.3088679058866211e-5,4.822086303420222e-6,9.764050227234727e-7,-1.1004169283353765e-5,-1.4226081543947578e-5,-2.3908465702109025e-6,-1.3307146219960195e-6,5.407027645479352e-7,1.0404661697642247e-6,1.0126930841103232e-5,8.508853160593012e-7,3.5802350248846514e-6,-7.815340176556277e-6,-6.39273941892526e-8,2.1115250882054064e-7,-6.009886786719344e-7,0.008090208541466982,0.9997171312125208,0.9999999959332966
18684.48,-2.0753487601068083e-5,-3.951106144485327e-6,5.1674883997359285e-6,-6.951540858391191e-6,4.249990739313808e-7,1.115030998313e-5,3.275825024372991e-7,5.297411302947487e-6,-6.623442055247293e-6,9.354589584268809e-6,-1.851342918510012e-5,1.134812494207044e-5,-1.3088679058866211e-5,4.822086303420222e-6,9.764050227234727e-7,-1.1004169283353765e-5,-1.4226081543947578e-5,-2.3908465702109025e-6,-1.3307146219960195e-6,5.407027645479352e-7,1.0404661697642247e-6,1.0126930841103232e-5,8.508853160593012e-7,3.5802350248846514e-6,-7.815340176556277e-6,-6.39273941892526e-8,2.1115250882054064e-7,-6.009886786719344e-7,0.008564300319842368,0.9997771429321287,0.9999999972603453
18943.986666666668,-2.0753487601068083e-5,-3.951106144485327e-6,5.1674883997359285e-6,-6.951540858391191e-6,4.249990739313808e-7,1.115030998313e-5,3.275825024372991e-7,5.297411302947487e-6,-6.623442055247293e-6,9.354589584268809e-6,-1.851342918510012e-5,1.134812494207044e-5,-1.3088679058866211e-5,4.822086303420222e-6,9.764050227234727e-7,-1.1004169283353765e-5,-1.4226081543947578e-5,-2.3908465702109025e-6,-1.3307146219960195e-6,5.407027645479352e-7,1.0404661697642247e-6,1.0126930841103232e-5,8.508853160593012e-7,3.5802350248846514e-6,-7.815340176556277e-6,-6.39273941892526e-8,2.1115250882054064e-7,-6.009886786719344e-7,0.009066269949264199,0.9998244251413475,0.9999999981542833
19203.493333333332,-2.0753487601068083e-5,-3.951106144485327e-6,5.1674883997359285e-6,-6.951540858391191e-6,4.249990739313808e-7,1.115030998313e-5,3.275825024372991e-7,5.297411302947487e-6,-6.623442055247293e-6,9.354589584268809e-6,-1.851342918510012e-5,1.134812494207044e-5,-1.3088679058866211e-5,4.822086303420222e-6,9.764050227234727e-7,-1.1004169283353765e-5,-1.4226081543947578e-5,-2.3908465702109025e-6,-1.3307146219960195e-6,5.407027645479352e-7,1.0404661697642247e-6,1.0126930841103232e-5,8.508853160593012e-7,3.5802350248846514e-6,-7.815340176556277e-6,-6.39273941892526e-8,2.1115250882054064e-7,-6.009886786719344e-7,0.009597726928255869,0.999861677143802,0.999999998756488
19463,-2.0753487601068083e-5,-3.951106144485327e-6,5.1674883997359285e-6,-6.951540858391191e-6,4.249990739313808e-7,1.115030998313e-5,3.275825024372991e-7,5.297411302947487e-6,-6.623442055247293e-6,9.354589584268809e-6,-1.851342918510012e-5,1.134812494207044e-5,-1.3088679058866211e-5,4.822086303420222e-6,9.764050227234727e-7,-1.1004169283353765e-5,-1.4226081543947578e-5,-2.3908465702109025e-6,-1.3307146219960195e-6,5.407027645479352e-7,1.0404661697642247e-6,1.0126930841103232e-5,8.508853160593012e-7,3.5802350248846514e-6,-7.815340176556277e-6,-6.39273941892526e-8,2.1115250882054064e-7,-6.009886786719344e-7,0.010160367968401874,0.9998910261741283,0.9999999991621802
19722.506666666668,-2.0753487601068083e-5,-3.951106144485327e-6,5.1674883997359285e-6,-6.951540858391191e-6,4.249990739313808e-7,1.115030998313e-5,3.275825024372991e-7,5.297411302947487e-6,-6.623442055247293e-6,9.354589584268809e-6,-1.851342918510012e-5,1.134812494207044e-5,-1.3088679058866211e-5,4.822086303420222e-6,9.764050227234727e-7,-1.1004169283353765e-5,-1.4226081543947578e-5,-2.3908465702109025e-6,-1.3307146219960195e-6,5.407027645479352e-7,1.0404661697642247e-6,1.0126930841103232e-5,8.508853160593012e-7,3.5802350248846514e-6,-7.815340176556277e-6,-6.39273941892526e-8,2.1115250882054064e-7,-6.009886786719344e-7,0.010755980903709998,0.9999141485158737,0.9999999994354961
19982.013333333332,-2.0753487601068083e-5,-3.951106144485327e-6,5.1674883997359285e-6,-6.951540858391191e-6,4.249990739313808e-7,1.115030998313e-5,3.275825024372991e-7,5.297411302947487e-6,-6.623442055247293e-6,9.354589584268809e-6,-1.851342918510012e-5,1.134812494207044e-5,-1.3088679058866211e-5,4.822086303420222e-6,9.764050227234727e-7,-1.1004169283353765e-5,-1.4226081543947578e-5,-2.3908465702109025e-6,-1.3307146219960195e-6,5.407027645479352e-7,1.0404661697642247e-6,1.0126930841103232e-5,8.508853160593012e-7,3.5802350248846514e-6,-7.815340176556277e-6,-6.39273941892526e-8,2.1115250882054064e-7,-6.009886786719344e-7,0.011386448663115948,0.9999323650227253,0.9999999996196365
20241.52,-2.0753487601068083e-5,-3.951106144485327e-6,5.1674883997359285e-6,-6.951540858391191e-6,4.249990739313808e-7,1.115030998313e-5,3.275825024372991e-7,5.297411302947487e-6,-6.623442055247293e-6,9.354589584268809e-6,-1.851342918510012e-5,1.134812494207044e-5,-1.3088679058866211e-5,4.822086303420222e-6,9.764050227234727e-7,-1.1004169283353765e-5,-1.4226081543947578e-5,-2.3908465702109025e-6,-1.3307146219960195e-6,5.407027645479352e-7,1.0404661697642247e-6,1.0126930841103232e-5,8.508853160593012e-7,3.5802350248846514e-6,-7.815340176556277e-6,-6.39273941892526e-8,2.1115250882054064e-7,-6.009886786719344e-7,0.012053753289715193,0.9999467164349934,0.9999999997437015
20501.026666666665,-2.0753487601068083e-5,-3.951106144485327e-6,5.1674883997359285e-6,-6.951540858391191e-6,4.249990739313808e-7,1.115030998313e-5,3.275825024372991e-7,5.297411302947487e-6,-6.623442055247293e-6,9.354589584268809e-6,-1.851342918510012e-5,1.134812494207044e-5,-1.3088679058866211e-5,4.822086303420222e-6,9.764050227234727e-7,-1.1004169283353765e-5,-1.4226081543947578e-5,-2.3908465702109025e-6,-1.3307146219960195e-6,5.407027645479352e-7,1.0404661697642247e-6,1.0126930841103232e-5,8.508853160593012e-7,3.5802350248846514e-6,-7.815340176556277e-6,-6.39273941892526e-8,2.1115250882054064e-7,-6.009886786719344e-7,0.012759979987234864,0.9999580227541625,0.9999999998272933
20760.533333333333,-2.0753487601068083e-5,-3.951106144485327e-6,5.1674883997359285e-6,-6.951540858391191e-6,4.249990739313808e-7,1.115030998313e-5,3.275825024372991e-7,5.297411302947487e-6,-6.623442055247293e-6,9.354589584268809e-6,-1.851342918510012e-5,1.134812494207044e-5,-1.3088679058866211e-5,4.822086303420222e-6,9.764050227234727e-7,-1.1004169283353765e-5,-1.4226081543947578e-5,-2.3908465702109025e-6,-1.3307146219960195e-6,5.407027645479352e-7,1.0404661697642247e-6,1.0126930841103232e-5,8.508853160593012e-7,3.5802350248846514e-6,-7.815340176556277e-6,-6.39273941892526e-8,2.1115250882054064e-7,-6.009886786719344e-7,0.013507321170839717,0.9999669300431018,0.9999999998836175
21020.04,-2.0753487601068083e-5,-3.951106144485327e-6,5.1674883997359285e-6,-6.951540858391191e-6,4.249990739313808e-7,1.115030998313e-5,3.275825024372991e-7,5.297411302947487e-6,-6.623442055247293e-6,9.354589584268809e-6,-1.851342918510012e-5,1.134812494207044e-5,-1.3088679058866211e-5,4.822086303420222e-6,9.764050227234727e-7,-1.1004169283353765e-5,-1.4226081543947578e-5,-2.3908465702109025e-6,-1.3307146219960195e-6,5.407027645479352e-7,1.0404661697642247e-6,1.0126930841103232e-5,8.508853160593012e-7,3.5802350248846514e-6,-7.815340176556277e-6,-6.39273941892526e-8,2.1115250882054064e-7,-6.009886786719344e-7,0.014298080495575764,0.9999739473107301,0.9999999999215703
21279.546666666665,-2.0753487601068083e-5,-3.951106144485327e-6,5.1674883997359285e-6,-6.951540858391191e-6,4.249990739313808e-7,1.115030998313e-5,3.275825024372991e-7,5.297411302947487e-6,-6.623442055247293e-6,9.354589584268809e-6,-1.851342918510012e-5,1.134812494207044e-5,-1.3088679058866211e-5,4.822086303420222e-6,9.764050227234727e-7,-1.1004169283353765e-5,-1.4226081543947578e-5,-2.3908465702109025e-6,-1.3307146219960195e-6,5.407027645479352e-7,1.0404661697642247e-6,1.0126930841103232e-5,8.508853160593012e-7,3.5802350248846514e-6,-7.815340176556277e-6,-6.39273941892526e-8,2.1115250882054064e-7,-6.009886786719344e-7,0.015134676831574169,0.9999794755793305,0.9999999999471445
21539.053333333333,-2.0753487601068083e-5,-3.951106144485327e-6,5.1674883997359285e-6,-6.951540858391191e-6,4.249990739313808e-7,1.115030998313e-5,3.275825024372991e-7,5.297411302947487e-6,-6.623442055247293e-6,9.354589584268809e-6,-1.851342918510012e-5,1.134812494207044e-5,-1.3088679058866211e-5,4.822086303420222e-6,9.764050227234727e-7,-1.1004169283353765e-5,-1.4226081543947578e-5,-2.3908465702109025e-6,-1.3307146219960195e-6,5.407027645479352e-7,1.0404661697642247e-6,1.0126930841103232e-5,8.508853160593012e-7,3.5802350248846514e-6,-7.815340176556277e-6,-6.39273941892526e-8,2.1115250882054064e-7,-6.009886786719344e-7,0.016019648150544713,0.999983830789712,0.9999999999643784
21798.559999999998,-2.0753487601068083e-5,-3.951106144485327e-6,5.1674883997359285e-6,-6.951540858391191e-6,4.249990739313808e-7,1.115030998313e-5,3.275825024372991e-7,5.297411302947487e-6,-6.623442055247293e-6,9.354589584268809e-6,-1.851342918510012e-5,1.134812494207044e-5,-1.3088679058866211e-5,4.822086303420222e-6,9.764050227234727e-7,-1.1004169283353765e-5,-1.4226081543947578e-5,-2.3908465702109025e-6,-1.3307146219960195e-6,5.407027645479352e-7,1.0404661697642247e-6,1.0126930841103232e-5,8.508853160593012e-7,3.5802350248846514e-6,-7.815340176556277e-6,-6.39273941892526e-8,2.1115250882054064e-7,-6.009886786719344e-7,0.016955655283067955,0.9999872618495668,0.9999999999759922
22058.066666666666,-2.0753487601068083e-5,-3.951106144485327e-6,5.1674883997359285e-6,-6.951540858391191e-6,4.249990739313808e-7,1.115030998313e-5,3.275825024372991e-7,5.297411302947487e-6,-6.623442055247293e-6,9.354589584268809e-6,-1.851342918510012e-5,1.134812494207044e-5,-1.3088679058866211e-5,4.822086303420222e-6,9.764050227234727e-7,-1.1004169283353765e-5,-1.4226081543947578e-5,-2.3908465702109025e-6,-1.3307146219960195e-6,5.407027645479352e-7,1.0404661697642247e-6,1.0126930841103232e-5,8.508853160593012e-7,3.5802350248846514e-6,-7.815340176556277e-6,-6.39273941892526e-8,2.1115250882054064e-7,-6.009886786719344e-7,0.017945485500737008,0.9999899648542367,0.9999999999838189
22317.573333333334,-2.0753487601068083e-5,-3.951106144485327e-6,5.1674883997359285e-6,-6.951540858391191e-6,4.249990739313808e-7,1.115030998313e-5,3.275825024372991e-7,5.297411302947487e-6,-6.623442055247293e-6,9.354589584268809e-6,-1.851342918510012e-5,1.134812494207044e-5,-1.3088679058866211e-5,4.822086303420222e-6,9.764050227234727e-7,-1.1004169283353765e-5,-1.4226081543947578e-5,-2.3908465702109025e-6,-1.3307146219960195e-6,5.407027645479352e-7,1.0404661697642247e-6,1.0126930841103232e-5,8.508853160593012e-7,3.5802350248846514e-6,-7.815340176556277e-6,-6.39273941892526e-8,2.1115250882054064e-7,-6.009886786719344e-7,0.018992055871295196,0.9999920942912373,0.9999999999890938
22577.079999999998,-2.0753487601068083e-5,-3.951106144485327e-6,5.1674883997359285e-6,-6.951540858391191e-6,4.249990739313808e-7,1.115030998313e-5,3.275825024372991e-7,5.297411302947487e-6,-6.623442055247293e-6,9.354589584268809e-6,-1.851342918510012e-5,1.134812494207044e-5,-1.3088679058866211e-5,4.822086303420222e-6,9.764050227234727e-7,-1.1004169283353765e-5,-1.4226081543947578e-5,-2.3908465702109025e-6,-1.3307146219960195e-6,5.407027645479352e-7,1.0404661697642247e-6,1.0126930841103232e-5,8.508853160593012e-7,3.5802350248846514e-6,-7.815340176556277e-6,-6.39273941892526e-8,2.1115250882054064e-7,-6.009886786719344e-7,0.02009841632857065,0.999993771868048,0.9999999999926488
22836.586666666666,-2.0753487601068083e-5,-3.951106144485327e-6,5.1674883997359285e-6,-6.951540858391191e-6,4.249990739313808e-7,1.115030998313e-5,3.275825024372991e-7,5.297411302947487e-6,-6.623442055247293e-6,9.354589584268809e-6,-1.851342918510012e-5,1.134812494207044e-5,-1.3088679058866211e-5,4.822086303420222e-6,9.764050227234727e-7,-1.1004169283353765e-5,-1.4226081543947578e-5,-2.3908465702109025e-6,-1.3307146219960195e-6,5.407027645479352e-7,1.0404661697642247e-6,1.0126930841103232e-5,8.508853160593012e-7,3.5802350248846514e-6,-7.815340176556277e-6,-6.39273941892526e-8,2.1115250882054064e-7,-6.009886786719344e-7,0.02126775239223061,0.999995093467182,0.9999999999950449
23096.093333333334,-2.0753487601068083e-5,-3.951106144485327e-6,5.1674883997359285e-6,-6.951540858391191e-6,4.249990739313808e-7,1.115030998313e-5,3.275825024372991e-7,5.297411302947487e-6,-6.623442055247293e-6,9.354589584268809e-6,-1.851342918510012e-5,1.134812494207044e-5,-1.3088679058866211e-5,4.822086303420222e-6,9.764050227234727e-7,-1.1004169283353765e-5,-1.4226081543947578e-5,-2.3908465702109025e-6,-1.3307146219960195e-6,5.407027645479352e-7,1.0404661697642247e-6,1.0126930841103232e-5,8.508853160593012e-7,3.5802350248846514e-6,-7.815340176556277e-6,-6.39273941892526e-8,2.1115250882054064e-7,-6.009886786719344e-7,0.022503387465192037,0.9999961346257173,0.9999999999966598
23355.6,-2.0753487601068083e-5,-3.951106144485327e-6,5.1674883997359285e-6,-6.951540858391191e-6,4.249990739313808e-7,1.115030998313e-5,3.275825024372991e-7,5.297411302947487e-6,-6.623442055247293e-6,9.354589584268809e-6,-1.851342918510012e-5,1.134812494207044e-5,-1.3088679058866211e-5,4.822086303420222e-6,9.764050227234727e-7,-1.1004169283353765e-5,-1.4226081543947578e-5,-2.3908465702109025e-6,-1.3307146219960195e-6,5.407027645479352e-7,1.0404661697642247e-6,1.0126930841103232e-5,8.508853160593012e-7,3.5802350248846514e-6,-7.815340176556277e-6,-6.39273941892526e-8,2.1115250882054064e-7,-6.009886786719344e-7,0.023808784628967898,0.9999969548522771,0.9999999999977485
23615.106666666667,-2.0753487601068083e-5,-3.951106144485327e-6,5.1674883997359285e-6,-6.951540858391191e-6,4.249990739313808e-7,1.115030998313e-5,3.275825024372991e-7,5.297411302947487e-6,-6.623442055247293e-6,9.354589584268809e-6,-1.851342918510012e-5,1.134812494207044e-5,-1.3088679058866211e-5,4.822086303420222e-6,9.764050227234727e-7,-1.1004169283353765e-5,-1.4226081543947578e-5,-2.3908465702109025e-6,-1.3307146219960195e-6,5.407027645479352e-7,1.0404661697642247e-6,1.0126930841103232e-5,8.508853160593012e-7,3.5802350248846514e-6,-7.815340176556277e-6,-6.39273941892526e-8,2.1115250882054064e-7,-6.009886786719344e-7,0.025187547849353398,0.9999976010280704,0.9999999999984821
23874.613333333335,-2.0753487601068083e-5,-3.951106144485327e-6,5.1674883997359285e-6,-6.951540858391191e-6,4.249990739313808e-7,1.115030998313e-5,3.275825024372991e-7,5.297411302947487e-6,-6.623442055247293e-6,9.354589584268809e-6,-1.851342918510012e-5,1.134812494207044e-5,-1.3088679058866211e-5,4.822086303420222e-6,9.764050227234727e-7,-1.1004169283353765e-5,-1.4226081543947578e-5,-2.3908465702109025e-6,-1.3307146219960195e-6,5.407027645479352e-7,1.0404661697642247e-6,1.0126930841103232e-5,8.508853160593012e-7,3.5802350248846514e-6,-7.815340176556277e-6,-6.39273941892526e-8,2.1115250882054064e-7,-6.009886786719344e-7,0.026643422496738203,0.9999981100863083,0.9999999999989768
24134.12,-2.0753487601068083e-5,-3.951106144485327e-6,5.1674883997359285e-6,-6.951540858391191e-6,4.249990739313808e-7,1.115030998313e-5,3.275825024372991e-7,5.297411302947487e-6,-6.623442055247293e-6,9.354589584268809e-6,-1.851342918510012e-5,1.134812494207044e-5,-1.3088679058866211e-5,4.822086303420222e-6,9.764050227234727e-7,-1.1004169283353765e-5,-1.4226081543947578e-5,-2.3908465702109025e-6,-1.3307146219960195e-6,5.407027645479352e-7,1.0404661697642247e-6,1.0126930841103232e-5,8.508853160593012e-7,3.5802350248846514e-6,-7.815340176556277e-6,-6.39273941892526e-8,2.1115250882054064e-7,-6.009886786719344e-7,0.028180295077066923,0.9999985111230955,0.9999999999993101
24393.626666666667,-2.0753487601068083e-5,-3.951106144485327e-6,5.1674883997359285e-6,-6.951540858391191e-6,4.249990739313808e-7,1.115030998313e-5,3.275825024372991e-7,5.297411302947487e-6,-6.623442055247293e-6,9.354589584268809e-6,-1.851342918510012e-5,1.134812494207044e-5,-1.3088679058866211e-5,4.822086303420222e-6,9.764050227234727e-7,-1.1004169283353765e-5,-1.4226081543947578e-5,-2.3908465702109025e-6,-1.3307146219960195e-6,5.407027645479352e-7,1.0404661697642247e-6,1.0126930841103232e-5,8.508853160593012e-7,3.5802350248846514e-6,-7.815340176556277e-6,-6.39273941892526e-8,2.1115250882054064e-7,-6.009886786719344e-7,0.029802192061183383,0.999998827060419,0.9999999999995349
24653.13333333333,-2.0753487601068083e-5,-3.951106144485327e-6,5.1674883997359285e-6,-6.951540858391191e-6,4.249990739313808e-7,1.115030998313e-5,3.275825024372991e-7,5.297411302947487e-6,-6.623442055247293e-6,9.354589584268809e-6,-1.851342918510012e-5,1.134812494207044e-5,-1.3088679058866211e-5,4.822086303420222e-6,9.764050227234727e-7,-1.1004169283353765e-5,-1.4226081543947578e-5,-2.3908465702109025e-6,-1.3307146219960195e-6,5.407027645479352e-7,1.0404661697642247e-6,1.0126930841103232e-5,8.508853160593012e-7,3.5802350248846514e-6,-7.815340176556277e-6,-6.39273941892526e-8,2.1115250882054064e-7,-6.009886786719344e-7,0.03151327769214022,0.9999990759562685,0.9999999999996864
24912.64,-2.0753487601068083e-5,-3.951106144485327e-6,5.1674883997359285e-6,-6.951540858391191e-6,4.249990739313808e-7,1.115030998313e-5,3.275825024372991e-7,5.297411302947487e-6,-6.623442055247293e-6,9.354589584268809e-6,-1.851342918510012e-5,1.134812494207044e-5,-1.3088679058866211e-5,4.822086303420222e-6,9.764050227234727e-7,-1.1004169283353765e-5,-1.4226081543947578e-5,-2.3908465702109025e-6,-1.3307146219960195e-6,5.407027645479352e-7,1.0404661697642247e-6,1.0126930841103232e-5,8.508853160593012e-7,3.5802350248846514e-6,-7.815340176556277e-6,-6.39273941892526e-8,2.1115250882054064e-7,-6.009886786719344e-7,0.03331785064222092,0.9999992720367599,0.9999999999997886
25172.146666666667,-2.0753487601068083e-5,-3.951106144485327e-6,5.1674883997359285e-6,-6.951540858391191e-6,4.249990739313808e-7,1.115030998313e-5,3.275825024372991e-7,5.297411302947487e-6,-6.623442055247293e-6,9.354589584268809e-6,-1.851342918510012e-5,1.134812494207044e-5,-1.3088679058866211e-5,4.822086303420222e-6,9.764050227234727e-7,-1.1004169283353765e-5,-1.4226081543947578e-5,-2.3908465702109025e-6,-1.3307146219960195e-6,5.407027645479352e-7,1.0404661697642247e-6,1.0126930841103232e-5,8.508853160593012e-7,3.5802350248846514e-6,-7.815340176556277e-6,-6.39273941892526e-8,2.1115250882054064e-7,-6.009886786719344e-7,0.035220339384132104,0.9999994265092476,0.9999999999998965
25431.653333333332,-2.0753487601068083e-5,-3.951106144485327e-6,5.1674883997359285e-6,-6.951540858391191e-6,4.249990739313808e-7,1.115030998313e-5,3.275825024372991e-7,5.297411302947487e-6,-6.623442055247293e-6,9.354589584268809e-6,-1.851342918510012e-5,1.134812494207044e-5,-1.3088679058866211e-5,4.822086303420222e-6,9.764050227234727e-7,-1.1004169283353765e-5,-1.4226081543947578e-5,-2.3908465702109025e-6,-1.3307146219960195e-6,5.407027645479352e-7,1.0404661697642247e-6,1.0126930841103232e-5,8.508853160593012e-7,3.5802350248846514e-6,-7.815340176556277e-6,-6.39273941892526e-8,2.1115250882054064e-7,-6.009886786719344e-7,0.037225296134346275,0.9999995482029003,0.9999999999999298
25691.16,-2.0753487601068083e-5,-3.951106144485327e-6,5.1674883997359285e-6,-6.951540858391191e-6,4.249990739313808e-7,1.115030998313e-5,3.275825024372991e-7,5.297411302947487e-6,-6.623442055247293e-6,9.354589584268809e-6,-1.851342918510012e-5,1.134812494207044e-5,-1.3088679058866211e-5,4.822086303420222e-6,9.764050227234727e-7,-1.1004169283353765e-5,-1.4226081543947578e-5,-2.3908465702109025e-6,-1.3307146219960195e-6,5.407027645479352e-7,1.0404661697642247e-6,1.0126930841103232e-5,8.508853160593012e-7,3.5802350248846514e-6,-7.815340176556277e-6,-6.39273941892526e-8,2.1115250882054064e-7,-6.009886786719344e-7,0.039337389221215754,0.9999996440733471,0.9999999999999525
